filename,ground_truth,prediction,field_em,field_f1,field_fuzzy
19630701_KOTRA_Amendment_Amendment.pdf,"{""registration_num"": [""16/9"", ""1619""], ""registrant_name"": ""Korea Trade Promotion Center"", ""foreign_principle_name"": ""Korea Trade Promotion Corporation"", ""file_date"": ""2524 day of July 1963.""}","{""registration_num"": ""1619"", ""registrant_name"": ""Korea Trade Promotion Center"", ""foreign_principle_name"": ""Korea Trade Promotion Corporation"", ""file_date"": ""1963-07-04""}",0.5000,0.6250,0.8011
19640701_VisitBritain_Amendment_Amendment.pdf,"{""registration_num"": ""579"", ""registrant_name"": ""British Travel Association"", ""foreign_principle_name"": ""British Travel and Holidays Association"", ""signer_name"": ""K.WF. Clark"", ""file_date"": ""Subscribed and sworn to before me at 144 29 day of July""}","{""registration_num"": ""579"", ""registrant_name"": ""British Travel Association"", ""foreign_principle_name"": ""British Travel and Holidays Association"", ""file_date"": ""1964-03-31"", ""signer_name"": ""Frank E. Marra""}",0.6000,0.6000,0.6854
"19620326_Austrian Tourist Office, Inc._Amendment_Amendment.pdf","{""registration_num"": ""495"", ""registrant_name"": ""Austrian State Tourist Department Austrian Federal Railways"", ""foreign_principle_name"": ""Rudolf F. Mattesich"", ""signer_name"": ""Rudolf F. Mattesich"", ""file_date"": ""23rd day of March -1962""}","{""registration_num"": ""495"", ""registrant_name"": ""Austrian State Tourist Department Austrian Federal Railways"", ""foreign_principle_name"": ""Rudolf F. Mattesich"", ""file_date"": ""1962-03-26"", ""signer_name"": ""Rudolf F. Mattesich""}",0.8000,0.7714,0.8533
19631101_Tourism Australia_Amendment_Amendment.pdf,"{""registrant_name"": ""AUSTRALIAN NATIONAL TRAVEL ASSOCIATION"", ""foreign_principle_name"": ""AUSTRALIAN NATIONAL TRAVEL ASSOCIATION"", ""signer_name"": ""R. M. Younger"", ""signer_title"": ""Manager"", ""registration_num"": ""1032""}","{""registrant_name"": ""AUSTRALIAN NATIONAL TRAVEL ASSOCIATION"", ""foreign_principle_name"": ""AUSTRALIAN NATIONAL TRAVEL ASSOCIATION"", ""registration_num"": ""1032"", ""signer_name"": ""R. M. Younger"", ""signer_title"": ""Manager, North America""}",0.8000,0.9000,0.9000
19630601_Arab Information Center_Amendment_Amendment.pdf,"{""registration_num"": ""876"", ""registrant_name"": ""ABAR INFORMATION CENTER"", ""foreign_principle_name"": ""The goverments of Iraq, Jordan, Lebanon, Libya, Morocco, Saudi Arabia, Sudan, Tunisia, United Arab Republic and Yemen"", ""signer_name"": ""AKRAM MIDANI"", ""file_date"": ""to before me at. CW you day of 1925""}","{""registration_num"": ""876"", ""registrant_name"": ""ARAB INFORMATION CENTER"", ""foreign_principle_name"": [""Saudi Arabia"", ""Sudan"", ""Tunisia"", ""United Arab Republic"", ""Yemen""], ""file_date"": ""1962-03-03"", ""signer_name"": ""AKRAM MIDANI""}",0.4000,0.5965,0.6752
19640801_KOTRA_Amendment_Amendment.pdf,"{""registration_num"": ""1619"", ""registrant_name"": ""Korea Trade Promotion Center"", ""foreign_principle_name"": ""Korea Trade Promotion Corporation"", ""signer_name"": ""Hee Kon Kim"", ""file_date"": ""27th day of July 1964""}","{""registration_num"": ""1619"", ""registrant_name"": ""Korea Trade Promotion Center"", ""foreign_principle_name"": ""Korea Trade Promotion Corporation"", ""file_date"": ""1964-04-17"", ""signer_name"": ""Mr. Hee Kon Kim""}",0.6000,0.7714,0.8312
"19650301_JETRO, New York_Amendment_Amendment.pdf","{""registration_num"": ""1643"", ""registrant_name"": ""JAPAN TRADE CENTER"", ""foreign_principle_name"": ""Japan External Trade Organization (JETRO)"", ""signer_name"": ""Tate marmo"", ""file_date"": ""1965 254 day of February""}","{""registration_num"": ""1643"", ""registrant_name"": ""JAPAN TRADE CENTER, NEW YORK"", ""foreign_principle_name"": ""Japan External Trade Organization (JETRO)"", ""file_date"": ""1964-07-24"", ""signer_name"": ""Takashi Aramaki""}",0.4000,0.5500,0.7025
19640201_Tourism Australia_Amendment_Amendment.pdf,"{""registration_num"": ""1032"", ""registrant_name"": ""AUSTRALIAN NATIONAL TRAVEL ASSOCIATION"", ""foreign_principle_name"": ""AUSTRALIAN NATIONAL TRAVEL ASSOCIATION"", ""signer_name"": ""(R. M. Younger)"", ""signer_title"": ""Manager North America""}","{""registration_num"": ""1032"", ""registrant_name"": ""AUSTRALIAN NATIONAL TRAVEL ASSOCIATION"", ""foreign_principle_name"": ""AUSTRALIAN NATIONAL TRAVEL ASSOCIATION"", ""signer_name"": ""R. M. Younger"", ""signer_title"": ""Manager, North America""}",1.0000,1.0000,1.0000
19630401_Arab Information Center_Amendment_Amendment.pdf,"{""registration_num"": ""876"", ""registrant_name"": ""Arab Information Center"", ""foreign_principle_name"": ""The Governments of : Iraq Jordan Lebanon Morroco, Saudi Arabia, Sudan, Tunisia, United Arab Republic, Yemen, Syrian Arab Republic, Algeria Kuwait,"", ""file_date"": ""Subscribed and sworn to before me at. 29th day of 1 Turch - 19.03""}","{""registration_num"": ""876"", ""registrant_name"": ""Arab Information Center"", ""foreign_principle_name"": ""The Governments of Iraq, Jordan, Lebanon, Morocco, Saudi Arabia, Sudan, Tunisia, United Arab Republic, Yemen, Syrian Arab Republic, Algeria Kuwait"", ""file_date"": ""1963-01-18""}",0.5000,0.7105,0.7698
19650405_Switzerland Tourism_Amendment_Amendment.pdf,"{""registration_num"": ""55"", ""registrant_name"": ""SWISS NATIONAL TOURIST OFFICE"", ""foreign_principle_name"": ""- Swiss Government Department of Posts and Railroads Section : Swiss National Tourist Office"", ""signer_name"": ""Hans Baertschi"", ""file_date"": ""31st day of March 1965.""}","{""registration_num"": ""55"", ""registrant_name"": ""Swiss National Tourist Office"", ""foreign_principle_name"": ""Swiss Government - Department of Posts and Railroads"", ""file_date"": ""1963-12-31"", ""signer_name"": ""Hans Baertschi""}",0.6000,0.7474,0.7849
"19650501_Italian Government Tourist Board, New York_Amendment_Amendment.pdf","{""registrant_name"": ""2ND Italian State Tourist Office"", ""foreign_principle_name"": ""Rookefeller Center - low York N.Y. it"", ""file_date"": ""5 day of may 1965"", ""registration_num"": ""568""}","{""registrant_name"": ""Italian State Tourist Office - 626 Fifth Ave."", ""file_date"": ""1964-12-31"", ""registration_num"": ""56""}",0.0000,0.1667,0.4492
19670301_Japan National Tourism Organization_Amendment_Amendment.pdf,"{""registration_num"": ""769"", ""registrant_name"": ""Japan National Tourist Organization"", ""signer_name"": ""Yoshio Tagaya"", ""file_date"": ""February, 1967. day of""}","{""registration_num"": ""796"", ""registrant_name"": ""Japan National Tourist Organization"", ""file_date"": ""1967-01-31"", ""signer_name"": ""Yoshio Tagaya""}",0.5000,0.5000,0.7381
19660309_German National Tourist Office_Amendment_Amendment.pdf,"{""registration_num"": ""616"", ""registrant_name"": ""German Tourist Information Office"", ""foreign_principle_name"": ""German Tourist Association, Frankfurt/Germany"", ""signer_name"": ""HANS J. BAUMANN"", ""file_date"": ""you day of March 1966""}","{""registration_num"": ""616"", ""registrant_name"": ""German Tourist Information Office"", ""foreign_principle_name"": ""German Tourist Association, Frankfurt/Germany"", ""file_date"": ""1966-03-09"", ""signer_name"": ""HANS J. BAUMANN""}",0.8000,0.8000,0.8552
"19670428_Austrian Tourist Office, Inc._Amendment_Amendment.pdf","{""registrant_name"": ""Austrian State Tourist Dept."", ""registration_num"": ""495"", ""signer_name"": ""Rudolf F. Mattesich"", ""file_date"": ""Subscribed and sworn to before me at \u2713 day of April commission expires ROSE RAUCH NOTARY PUBLIC, State No. 41-8502400 Qualified in Queens""}","{""registrant_name"": ""Austrian State Tourist Dept."", ""registration_num"": ""495"", ""signer_name"": ""Rudolf F. Mattesich"", ""file_date"": ""1967-04-28""}",0.7500,0.7500,0.7570
19671103_Arab Information Center_Amendment_Amendment.pdf,"{""registrant_name"": ""Arab Information Center"", ""registration_num"": ""876"", ""signer_name"": ""Mahmoud El-Okdah"", ""file_date"": ""1967 2 day of NOVEMBOR""}","{""registrant_name"": ""Arab Information Center"", ""registration_num"": ""876"", ""signer_name"": ""Mahmoud El-Okdah"", ""file_date"": ""1967-11-02""}",0.7500,0.7500,0.8333
"19670801_JETRO, San Francisco_Amendment_Amendment.pdf","{""registrant_name"": ""JAPAN TRADE CENTER San Francisco"", ""registration_num"": ""1813"", ""signer_name"": ""Hiromiche Eguchi"", ""signer_title"": ""Executive Director"", ""file_date"": "". 1967 4 day of august""}","{""registrant_name"": ""JAPAN TRADE CENTER San Francisco"", ""registration_num"": ""#1813"", ""signer_name"": ""Hiromichi Eguchi"", ""signer_title"": ""Executive Director"", ""file_date"": ""1967-08-04""}",0.6000,0.7000,0.8589
"19670901_JETRO, San Francisco_Amendment_Amendment.pdf","{""registrant_name"": ""JAPAN TRADE CENTER"", ""registration_num"": ""1813"", ""signer_name"": ""Hiromichi Eguchi"", ""signer_title"": ""Executive Director"", ""file_date"": ""September, 1967 th day of""}","{""registrant_name"": ""JAPAN TRADE CENTER San Francisco"", ""registration_num"": ""#1813"", ""signer_name"": ""Hiromichi Eguchi"", ""signer_title"": ""Executive Director"", ""file_date"": ""September 15, 1967""}",0.6000,0.8500,0.8806
19680301_KOTRA_Amendment_Amendment.pdf,"{""registration_num"": ""1619"", ""registrant_name"": ""Korea Trade Promotion Center"", ""file_date"": ""17th day of March 1948""}","{""registration_num"": ""1619"", ""registrant_name"": ""Korea Trade Promotion Center"", ""file_date"": ""1968-03-14""}",0.6667,0.6667,0.7333
"19671011_Austrian Tourist Office, Inc._Amendment_Amendment.pdf","{""registrant_name"": ""Austrian State Tourist Dept. Rudolf F. Mattesich"", ""registration_num"": ""495"", ""signer_name"": ""Rudolf F. Mattesich"", ""file_date"": ""9 day of ROSE RAUCH NOTARY PUBLPG, State of New No. 41-8502400""}","{""registrant_name"": ""Austrian State Tourist Dept. Rudolf F. Mattesich"", ""registration_num"": ""495"", ""signer_name"": ""Rudolf F. Mattesich"", ""file_date"": ""1967-06-30""}",0.7500,0.7500,0.7724
19660601_Netherlands Board of Tourism and Conventions (NBTC)_Amendment_Amendment.pdf,"{""registration_num"": ""619"", ""registrant_name"": ""NETHERLANDS NATIONAL TOURIST OFFICE ANVV"", ""foreign_principle_name"": ""Algemene Nederlandse Vereniging Voor Vreemdelingenverkeer"", ""signer_name"": ""H.W. LEEUWENBURGH"", ""signer_title"": ""Manager N.Y. Office"", ""file_date"": ""23 day of James 1966 .""}","{""registration_num"": ""619"", ""registrant_name"": ""NETHERLANDS NATIONAL TOURIST OFFICE ANVV"", ""foreign_principle_name"": ""Algemene Nederlandse Vereniging Voor Vreemdelingenverkeer"", ""file_date"": ""1965-06-30"", ""signer_name"": ""H.W. Leeuwenburgh"", ""signer_title"": ""Manager N.Y. Office""}",0.8333,0.8333,0.8810
19650901_Arab Information Center_Amendment_Amendment.pdf,"{""registration_num"": ""876"", ""registrant_name"": ""Arab Information Center"", ""foreign_principle_name"": ""The Governments of Iraq, Jordan, Lebanon, Morocco, Sudan, of foreign principal Saudi Arabia, Tunisia, United Arab Republic, Yemen Arab Republic, Algeria, Syrian Arab Republic, State of Kuwait And Kingdom of Libya"", ""signer_name"": ""David Hinnawi"", ""signer_title"": ""Chief of Press"", ""file_date"": ""1965. day of '""}","{""registration_num"": ""876"", ""registrant_name"": ""Arab Information Center"", ""foreign_principle_name"": ""The Governments of Iraq, Jordan, Lebanon, Morocco, Sudan, Saudi Arabia, Tunisia, United Arab Republic, Yemen Arab Republic, Algeria, Syrian Arab Republic, State of Kuwait And Kingdom of Libya"", ""file_date"": ""1965-03-02"", ""signer_name"": ""David Hinnawi"", ""signer_title"": ""Chief of Press""}",0.6667,0.7895,0.8941
"19680601_Italian Government Travel Office, Chicago_Amendment_Amendment.pdf","{""registrant_name"": ""Italian Government Travel Office"", ""registration_num"": ""1892"", ""file_date"": ""5 day of June 68 19""}","{""registrant_name"": ""Italian Government Travel Office"", ""registration_num"": ""1892"", ""file_date"": ""1968-06""}",0.6667,0.6667,0.7200
19690301_South African Tourism_Amendment_Amendment.pdf,"{""registrant_name"": ""SOUTH AFRICAN TOURIST CORPORATION"", ""registration_num"": ""603"", ""file_date"": ""14th day of March 1969""}","{""registrant_name"": ""SOUTH AFRICAN TOURIST CORPORATION"", ""registration_num"": ""603""}",0.6667,0.6667,0.6667
19681001_VisitDenmark_Amendment_Amendment.pdf,"{""registration_num"": ""634"", ""registrant_name"": ""DANISH NATIONAL TRAVEL OFFICE"", ""signer_name"": ""Axel Dessau"", ""file_date"": ""25 day of Octolico 68 168""}","{""registration_num"": ""634"", ""registrant_name"": ""DANISH NATIONAL TRAVEL OFFICE"", ""signer_name"": ""Axel Dessau"", ""file_date"": ""1968-10-25""}",0.7500,0.7500,0.7803
19710401_Netherlands Board of Tourism and Conventions (NBTC)_Amendment_Amendment.pdf,"{""registrant_name"": ""Mr. John G. Bertram Director for North America"", ""registration_num"": ""619"", ""file_date"": ""day of 19 // WEETHAM ETROGLIE""}","{""registrant_name"": ""Mr. John G. Bertram Director for North America"", ""registration_num"": ""619""}",0.6667,0.6667,0.6667
19710901_Hogan Lovells US LLP_Amendment_Amendment.pdf,"{""registration_num"": ""2244"", ""registrant_name"": ""Hogan & Hartson""}","{""registration_num"": ""2244"", ""registrant_name"": ""Hogan & Hartson"", ""file_date"": ""1971-08-02""}",1.0000,1.0000,1.0000
"19691121_Austrian Tourist Office, Inc._Amendment_Amendment.pdf","{""registrant_name"": ""Austrian National Tourist Office"", ""registration_num"": ""495"", ""file_date"": ""17 day of no ROSE RATCH ROTARY PUBLIC State of No. 41-8502400Qualified in Queens CountyCert. filed""}","{""registrant_name"": ""Heinz Patzak"", ""registration_num"": ""495"", ""file_date"": ""1969-11-21T16:00:00""}",0.3333,0.3333,0.4545
"19691101_Italian Government Tourist Board, New York_Amendment_Amendment.pdf","{""registrant_name"": ""Italian Government Travel Office E.N.I.T."", ""registration_num"": ""568"", ""signer_title"": ""Italian Travel Commissioner"", ""file_date"": ""Subscribed and sworn to before me at October 19 691 31 day of""}","{""registrant_name"": ""Italian Government Travel Office E.N.I.T."", ""registration_num"": ""568"", ""signer_title"": ""Italian Travel Commissioner"", ""file_date"": ""1969-11-07""}",0.7500,0.7500,0.7935
19710706_German National Tourist Office_Amendment_Amendment.pdf,"{""registration_num"": ""616"", ""registrant_name"": ""German National Tourist Office"", ""signer_name"": ""Claus Born"", ""file_date"": ""21 day of 1971""}","{""registration_num"": ""616"", ""registrant_name"": ""German National Tourist Office"", ""signer_name"": ""Claus J Born"", ""file_date"": ""June 21, 1971""}",0.5000,0.8429,0.8619
"19720201_World Zionist Organization - American Section, Inc._Amendment_Amendment.pdf","{""registrant_name"": ""World Zionist Organization-"", ""registration_num"": ""2278"", ""file_date"": ""February 1972 182 day of""}","{""registrant_name"": ""World Zionist Organization-American Section, Inc."", ""registration_num"": ""2278"", ""file_date"": ""1972-02-14""}",0.3333,0.5000,0.6782
19711201_Tourism Australia_Amendment_Amendment.pdf,"{""registration_num"": ""1032"", ""registrant_name"": ""Australian Tourist Commission"", ""signer_name"": ""John W. Holmes"", ""signer_title"": ""Manager, Western Region"", ""file_date"": ""December 1st day of , 1971""}","{""registration_num"": ""1032"", ""registrant_name"": ""Australian Tourist Commission"", ""signer_name"": ""John W. Holmes"", ""signer_title"": ""Manager, Western Region"", ""file_date"": ""1971-12-01""}",0.8000,0.8000,0.8500
19720601_Monaco Government Tourist Office_Amendment_Amendment.pdf,"{""registration_num"": ""2327"", ""registrant_name"": ""Frank W. Cresci"", ""file_date"": ""thday Sone day of , 1922""}","{""registration_num"": ""2327"", ""registrant_name"": ""Frank W. Cresci""}",0.6667,0.6667,0.6667
19720101_KOTRA_Amendment_Amendment.pdf,"{""registration_num"": ""1619"", ""registrant_name"": ""KOREA TRADE PROMOTION CENTER"", ""signer_name"": ""Hee Koh"", ""signer_title"": ""Wice President"", ""file_date"": ""4 thi 3 day of Jonany 17 Jomary""}","{""registration_num"": ""# 1619"", ""registrant_name"": ""KOREA TRADE PROMOTION CENTER"", ""signer_name"": ""Hee Koh Kim"", ""signer_title"": ""Vice President"", ""file_date"": ""January 13, 1971""}",0.4000,0.6600,0.8021
19720401_Monaco Government Tourist Office_Amendment_Amendment.pdf,"{""registration_num"": ""2327"", ""registrant_name"": ""Caroline Cushing"", ""signer_name"": ""Caroline Cushing"", ""file_date"": ""18th day of apristory""}","{""registration_num"": ""2327"", ""registrant_name"": ""Caroline Cushing"", ""signer_name"": ""Caroline Cushing""}",0.7500,0.7500,0.7500
19720905_German National Tourist Office_Amendment_Amendment.pdf,"{""registration_num"": ""616"", ""registrant_name"": ""German National Tourist Office"", ""file_date"": ""17UGUST day of 19 72""}","{""registration_num"": ""616"", ""registrant_name"": ""German National Tourist Office"", ""file_date"": ""1972-08-17""}",0.6667,0.6667,0.7143
"19720801_Hong Kong Trade Development Council, Inc._Amendment_Amendment.pdf","{""registrant_name"": ""Hong Kong Trade Development Council"", ""registration_num"": ""2181"", ""signer_name"": ""Pryma peek"", ""file_date"": ""16 day of , 1972 August""}","{""registrant_name"": ""Hong Kong Trade Development Council"", ""registration_num"": ""2181"", ""signer_name"": ""Anna T. Stier"", ""file_date"": ""August 16, 1972""}",0.5000,0.6875,0.6539
19730401_Barbados Investment _ Development Corp. Barbados Tourism_Amendment_Amendment.pdf,"{""registrant_name"": ""BARBADOS IND. DEV. CORPORATION BARBADOS TOURIST BOARD"", ""registration_num"": ""1995"", ""signer_title"": ""Manager"", ""file_date"": ""28 day of March , 19 23""}","{""registrant_name"": ""BARBADOS IND. DEV. CORPORATION BARBADOS TOURIST BOARD"", ""registration_num"": ""1995"", ""signer_title"": ""Manager"", ""file_date"": ""1973-04-05""}",0.7500,0.7143,0.8017
19720801_Netherlands Board of Tourism and Conventions (NBTC)_Amendment_Amendment.pdf,"{""registrant_name"": ""NETHERLANDS NATIONAL TOURIST OFFICE 576 Fifth Avenue"", ""registration_num"": ""619"", ""signer_name"": ""John G. Bertram"", ""signer_title"": ""Director for North America"", ""file_date"": ""1972 16 day of August""}","{""registrant_name"": ""Netherlands National Tourist Office"", ""registration_num"": ""619"", ""signer_name"": ""John G. Bertram"", ""signer_title"": ""Director for North America Netherlands National Tourist Office"", ""file_date"": ""1972-08-16""}",0.4000,0.6788,0.7619
19730301_Bermuda Tourism Authority_Amendment_Amendment.pdf,"{""registration_num"": ""430"", ""registrant_name"": ""Bermuda Department of Tourism"", ""signer_name"": ""James. C. Forbes"", ""signer_title"": ""General Manager U. S. A."", ""file_date"": ""7 day of March 1973 '""}","{""registration_num"": ""430"", ""registrant_name"": ""Bermuda Department of Tourism"", ""signer_name"": ""James C. Forbes"", ""signer_title"": ""General Manager U.S.A."", ""file_date"": ""March 13, 1973""}",0.6000,0.8143,0.9145
"19730405_Austrian Tourist Office, Inc._Amendment_Amendment.pdf","{""registrant_name"": ""Austrian National Tourist Office Austrian Federal Railways"", ""registration_num"": ""495"", ""file_date"": ""30 day of March 1973""}","{""registrant_name"": ""Austrian National Tourist Office Austrian Federal Railways"", ""registration_num"": ""495"", ""file_date"": ""1973-03-30""}",0.6667,0.6190,0.7619
"19730401_India Tourism, New York_Amendment_Amendment.pdf","{""registrant_name"": ""Government of India Tourist Office"", ""registration_num"": ""2329"", ""signer_name"": ""Loca keihnamachi"", ""file_date"": ""28 day of MARCH 1973 VINICHET A. MAGLIA', 'JR.""}","{""registrant_name"": ""Government of India Tourist Office"", ""registration_num"": ""2329"", ""file_date"": ""March 28, 1973""}",0.5000,0.6364,0.5962
19740501_IDA Ireland_Amendment_Amendment.pdf,"{""registrant_name"": ""INDUSTRIAL DEVELOPMENT AUTHORITY IRELAND"", ""registration_num"": ""1770"", ""file_date"": ""22day of motified in CANTLO tary Public, State of NewW. 41-0555025""}","{""registrant_name"": ""INDUSTRIAL DEVELOPMENT AUTHORITY - IRELAND"", ""registration_num"": ""1770"", ""file_date"": ""1974-01""}",0.6667,0.6667,0.6860
19730601_Bermuda Tourism Authority_Amendment_Amendment.pdf,"{""registrant_name"": ""Bermuda Department of Tourism (Bermuda News Bureau, New York)"", ""registration_num"": ""430"", ""signer_name"": ""James C. Forbes"", ""signer_title"": ""General Manager, U.S.A."", ""file_date"": ""_ day of 9 DONATO CECCIO Notary Public, State of New""}","{""registrant_name"": ""Bermuda Department of Tourism (Bermuda News Bureau, New York)"", ""registration_num"": ""430"", ""signer_name"": ""James C. Forbes"", ""signer_title"": ""General Manager, U.S.A."", ""file_date"": ""1973-06-12""}",0.8000,0.7778,0.8070
19731201_Office of Tibet_Amendment_Amendment.pdf,"{""registrant_name"": ""THE OFFICE OF TIBET"", ""registration_num"": ""1699"", ""signer_name"": ""Jurgin Jetting"", ""signer_title"": ""ACTING REPRESENTATIVE OF HIS HOLINESS THE DALAI LAMA"", ""file_date"": ""4TH day of DECEMBER 1973""}","{""registrant_name"": ""THE OFFICE OF TIBET"", ""registration_num"": ""1699"", ""signer_name"": ""Tenzin DeTser"", ""signer_title"": ""Acting Representative of His Holiness The Dalai Lama"", ""file_date"": ""1973-12-04""}",0.6000,0.6000,0.7241
"19740701_JETRO, San Francisco_Amendment_Amendment.pdf","{""registration_num"": ""1813"", ""registrant_name"": ""JAPAN TRADE CENTER"", ""signer_title"": ""Executive Dir."", ""signer_name"": ""Haruvo Matsubara,"", ""file_date"": ""11th July 74. day of 19""}","{""registration_num"": ""1813"", ""registrant_name"": ""JAPAN TRADE CENTER"", ""signer_title"": ""Executive Dir."", ""signer_name"": ""Haruyo Matsubara"", ""file_date"": ""1974-07-11""}",0.6000,0.7000,0.8142
19741101_Cayman Islands Department of Tourism_Amendment_Amendment.pdf,"{""registration_num"": ""2500"", ""registrant_name"": ""CAYMAN ISLANDS DEPARTMENT OF TOURISM"", ""signer_name"": ""Eric J. Bergstrom"", ""signer_title"": ""Director of Tourism"", ""file_date"": ""8th November day of 19 74""}","{""registration_num"": ""2500"", ""registrant_name"": ""CAYMAN ISLANDS DEPARTMENT OF TOURISM"", ""signer_name"": ""Eric J. Bergstrom"", ""signer_title"": ""Director of Tourism"", ""file_date"": ""1974-11-08""}",0.8000,0.8000,0.8485
19750801_Netherlands Board of Tourism and Conventions (NBTC)_Amendment_Amendment.pdf,"{""registration_num"": ""619"", ""registrant_name"": ""NETHERLANDS NATIONAL TOURIST OFFICE"", ""signer_name"": ""Henry Fisher"", ""signer_title"": ""Deputy Director""}","{""registration_num"": ""619"", ""registrant_name"": ""NETHERLANDS NATIONAL TOURIST OFFICE"", ""signer_name"": ""Henry Fisher"", ""signer_title"": ""Deputy Director""}",1.0000,1.0000,1.0000
19750815_Moroccan National Tourist Office_Amendment_Amendment.pdf,"{""registration_num"": ""1793"", ""registrant_name"": ""Moroccan National Tourist Office"", ""file_date"": ""day of August 1975""}","{""registration_num"": ""1793"", ""registrant_name"": ""Moroccan National Tourist Office"", ""file_date"": ""1975-08-15""}",0.6667,0.6667,0.7692
"19750124_Austrian Tourist Office, Inc._Amendment_Amendment.pdf","{""registrant_name"": ""Mrs. Rose Marie Fliegel"", ""registration_num"": ""495"", ""signer_name"": ""Rose Marie marie Frigel"", ""file_date"": ""21 day of Janary 175 JOHN LIEBL Public, State of""}","{""registrant_name"": ""Mrs. Rose Marie Fliegel"", ""registration_num"": ""495"", ""signer_name"": ""Rose Marie Fliegel"", ""file_date"": ""1975-01-21""}",0.5000,0.6429,0.7133
19741203_Arab Information Center_Amendment_Amendment.pdf,"{""registration_num"": ""876"", ""registrant_name"": ""Arab Information Center"", ""signer_name"": ""Khalid I. Babaa"", ""signer_title"": ""Director, San Francisco office"", ""file_date"": ""th 18 day of 1974""}","{""registration_num"": ""876"", ""registrant_name"": ""Arab Information Center"", ""signer_name"": ""Khalid I. Babaa"", ""signer_title"": ""Director, San Francisco office"", ""file_date"": ""1974-07-18""}",0.8000,0.8000,0.8640
19750101_Quebec Government Office_Dissemination Report_Dissemination Report.pdf,"{""registrant_name"": ""Quebec Govornment House"", ""registration_num"": ""1787"", ""foreign_principle_name"": ""Quebec Government"", ""file_date"": ""1/15/75"", ""signer_title"": ""Delegate General"", ""signer_name"": ""Guy Poliquin""}","{""registrant_name"": ""Quebec Government House"", ""registration_num"": ""1787"", ""foreign_principle_name"": ""Quebec Government"", ""file_date"": ""1975-01-15"", ""signer_title"": ""Delegate General"", ""signer_name"": ""Guy Poliquin""}",0.6667,0.7778,0.9030
"19760201_Italian Government Tourist Board (ENIT), Los Angeles_Amendment_Amendment.pdf","{""registration_num"": ""1884"", ""registrant_name"": ""Italian Government Travel Office-E.N.I.T 360 Post Street, Suite 801, San Francisco, Cal. Cal.""}","{""registration_num"": ""#1884"", ""registrant_name"": ""Italian Government Travel Office-E.N.I.T""}",0.5000,0.7353,0.8000
19750601_Quebec Government Office_Dissemination Report_Dissemination Report.pdf,"{""registration_num"": ""1787"", ""registrant_name"": ""QUEBEC GOVERNMENT HOUSE"", ""foreign_principle_name"": ""Quebec Government - Department of Industry & Commerce"", ""signer_title"": ""Delegate General"", ""file_date"": ""June 9, 1975"", ""signer_name"": ""Guy Poliquin""}","{""registration_num"": ""1787"", ""registrant_name"": ""Quebec Government House"", ""foreign_principle_name"": ""Quebec Government - Department of Industry & Commerce"", ""file_date"": ""1975-06-09"", ""signer_name"": ""Guy Poliquin"", ""signer_title"": ""Senior Economic Counsellor""}",0.6667,0.6667,0.7607
"19760401_Italian Government Travel Office, Chicago_Amendment_Amendment.pdf","{""registrant_name"": ""Italian Government Travel Office"", ""registration_num"": ""1892"", ""signer_name"": ""Enrico Maggi."", ""file_date"": ""1976 22hd day of April""}","{""registrant_name"": ""Italian Government Travel Office"", ""registration_num"": ""1892"", ""signer_name"": ""Enrico Maggi"", ""file_date"": ""1976-04-22""}",0.7500,0.7500,0.8500
"19760801_Korea National Tourism Organization, New Jersey_Amendment_Amendment.pdf","{""registrant_name"": ""Korea National Tourism Corp"", ""registration_num"": ""2614"", ""file_date"": ""16 day of! August 19 26 .""}","{""registrant_name"": ""Korea National Tourism Corp"", ""registration_num"": ""2614"", ""file_date"": ""1976-08-16""}",0.6667,0.6667,0.7111
"19760301_Italian Government Tourist Board, New York_Amendment_Amendment.pdf","{""registration_num"": ""568"", ""registrant_name"": ""1. Name of Registrant ITALIAN GOVERNMENT TRAVEL OFFICE"", ""signer_name"": ""Dr. Emilio Tommasi"", ""signer_title"": ""Italian Travel Commissioner"", ""file_date"": ""17' March .1976 day of""}","{""registration_num"": ""568"", ""registrant_name"": ""ITALIAN GOVERNMENT TRAVEL OFFICE"", ""signer_name"": ""Dr. Emilio Tommasi"", ""signer_title"": ""Italian Travel Commissioner"", ""file_date"": ""March 17, 1976""}",0.6000,0.8833,0.8718
"19770401_World Zionist Organization - American Section, Inc._Amendment_Amendment.pdf","{""registration_num"": ""2278"", ""registrant_name"": ""WORLD ZIONIST ORGANIZATION AMERICAN SECTION, INC."", ""signer_name"": ""Isadore Hamlin"", ""file_date"": ""1927 16th day of""}","{""registration_num"": ""2278"", ""registrant_name"": ""WORLD ZIONIST ORGANIZATION - AMERICAN SECTION, INC."", ""signer_name"": ""Isadore Hamlin"", ""file_date"": ""1977-06-16""}",0.7500,0.7500,0.8542
19770101_Representative of the Turkish Republic of Northern Cyprus_Amendment_Amendment.pdf,"{""registrant_name"": ""OFFICE OF TURKISH CYPRIOT COMMUNITY"", ""registration_num"": ""2619"", ""signer_name"": ""Nail Atalay"", ""signer_title"": ""Director"", ""file_date"": ""28th day of December 1976""}","{""registrant_name"": ""OFFICE OF TURKISH CYPRIOT COMMUNITY"", ""registration_num"": ""2619"", ""signer_name"": ""Nail Atalay"", ""signer_title"": ""Director"", ""file_date"": ""1976-12-28""}",0.8000,0.8000,0.8485
"19760701_Tourism Authority of Thailand, New York_Amendment_Amendment.pdf","{""registration_num"": ""1897"", ""registrant_name"": ""Tourist Organization of Thailand"", ""signer_name"": ""Staporn Sirisinha"", ""signer_title"": ""Assistant-Chief, T.O.T., N.Y. Office"", ""file_date"": ""16 day of 19 Jury 766""}","{""registration_num"": ""1897"", ""registrant_name"": ""Tourist Organization of Thailand"", ""signer_name"": ""Staporn Sirisinha"", ""signer_title"": ""Assistant-Chief, T.O.T., N.Y. Office"", ""file_date"": ""1975-06-16""}",0.8000,0.8000,0.8276
19770501_Bermuda Tourism Authority_Amendment_Amendment.pdf,"{""registration_num"": ""430"", ""registrant_name"": ""BERMUDA DEPT. OF TOURISM"", ""signer_name"": ""Rong"", ""signer_title"": ""General Manager,"", ""file_date"": ""April 26 day of , 1927""}","{""registration_num"": ""430"", ""registrant_name"": ""BERMUDA DEPT. OF TOURISM"", ""signer_name"": ""John F. Acers"", ""signer_title"": ""General Manager, North America"", ""file_date"": ""1977-05-02""}",0.4000,0.5333,0.6042
19770501_KOTRA_Amendment_Amendment.pdf,"{""registrant_name"": ""KOREA TRADE PROMOTION CENTER"", ""registration_num"": ""1619"", ""signer_title"": ""DEPUTY DIRECTOR"", ""file_date"": ""2 day of MAY 22 19""}","{""registrant_name"": ""KOREA TRADE PROMOTION CENTER"", ""registration_num"": ""1619"", ""signer_title"": ""DEPUTY DIRECTOR"", ""file_date"": ""May 2, 1977""}",0.7500,0.8611,0.8929
"19770501_JETRO, Los Angeles_Amendment_Amendment.pdf","{""registration_num"": ""1833"", ""registrant_name"": ""Japan Trade Center, Los Angeles"", ""signer_name"": ""Shinsaku Sogo"", ""signer_title"": ""Director General"", ""file_date"": ""1974 24 day of May""}","{""registration_num"": ""1833"", ""registrant_name"": ""Japan Trade Center, Los Angeles"", ""signer_name"": ""Shinsaku Sogo"", ""signer_title"": ""Director General"", ""file_date"": ""May 31, 1977""}",0.8000,0.8500,0.8414
"19770501_Korea National Tourism Organization, New Jersey_Amendment_Amendment.pdf","{""registrant_name"": ""KOREA NATIONAL TOURISM CORP."", ""registration_num"": ""2614"", ""signer_title"": ""Director"", ""signer_name"": ""Young-Duck Min"", ""file_date"": ""24 day of MAY , 1977""}","{""registrant_name"": ""KOREA NATIONAL TOURISM CORP."", ""registration_num"": ""2614"", ""signer_title"": ""Director"", ""signer_name"": ""Young-Duck Min"", ""file_date"": ""May 24, 1977""}",0.8000,0.9500,0.9103
"19770601_World Zionist Organization - American Section, Inc._Amendment_Amendment.pdf","{""registrant_name"": ""World Zionist Organization American Section"", ""registration_num"": ""2278"", ""signer_name"": ""Isadore Hamlin"", ""file_date"": ""June 1977 134 day of""}","{""registrant_name"": ""World Zionist Organization - American Section"", ""registration_num"": ""2278"", ""signer_name"": ""Isadore Hamlin"", ""file_date"": ""June 13, 1977""}",0.7500,0.8750,0.8906
19780701_Office of Tibet_Amendment_Amendment.pdf,"{""registrant_name"": ""The Office of Tibet"", ""registration_num"": ""1699"", ""file_date"": ""11 day of July 1978""}","{""registrant_name"": ""The Office of Tibet"", ""registration_num"": ""1699"", ""file_date"": ""1978-07-11""}",0.6667,0.6667,0.7654
19781101_VisitDenmark_Amendment_Amendment.pdf,"{""registrant_name"": ""Steen Lovschal"", ""registration_num"": ""634""}","{""registrant_name"": ""Steen Lovschal"", ""registration_num"": ""634""}",1.0000,1.0000,1.0000
"19771201_JETRO, Houston_Amendment_Amendment.pdf","{""registration_num"": ""2277"", ""registrant_name"": ""MASAAKI KITAGAWA"", ""signer_name"": ""Masaaki Kitagawa"", ""signer_title"": ""Executive Director"", ""file_date"": ""23rd day of December 19 77""}","{""registration_num"": ""2277"", ""registrant_name"": ""Japan Trade Center"", ""signer_name"": ""Masaaki Kitagawa"", ""signer_title"": ""Executive Director"", ""file_date"": ""1977-12-23""}",0.6000,0.6000,0.6824
19781201_Quebec Government Office_Amendment_Amendment.pdf,"{""registrant_name"": ""Quebec Government House"", ""registration_num"": ""1787"", ""signer_name"": ""MARCEL BERGERON"", ""signer_title"": ""Delegate General""}","{""registrant_name"": ""Quebec Government House"", ""registration_num"": ""1787"", ""signer_name"": ""MARCEL BERGERON"", ""signer_title"": ""Delegated General""}",0.7500,0.8750,0.9924
19781024_FCB New York_Amendment_Amendment.pdf,"{""registrant_name"": ""Foote, Cone & Belding Advertising, Inc."", ""registration_num"": ""2415"", ""signer_name"": ""Maine C. Cohen"", ""file_date"": ""3RD day of October 1978""}","{""registrant_name"": ""Foote, Cone & Belding Advertising, Inc."", ""registration_num"": ""2415"", ""signer_name"": ""Maxine Cohen"", ""file_date"": ""October 30, 1978""}",0.5000,0.7250,0.8779
19781201_Cayman Islands Department of Tourism_Amendment_Amendment.pdf,"{""registrant_name"": ""Cayman Islands Department of Tourism"", ""registration_num"": ""2500"", ""signer_name"": ""Erik Bergstrom"", ""signer_title"": ""Director of Tourism"", ""file_date"": ""th 15 day of December 1978""}","{""registrant_name"": ""Cayman Islands Department of Tourism"", ""registration_num"": ""2500"", ""signer_name"": ""Eric J. Bergstrom"", ""signer_title"": ""Director of Tourism"", ""file_date"": ""1978-12-15""}",0.6000,0.6800,0.8204
19790101_IDA Ireland_Amendment_Amendment.pdf,"{""registrant_name"": ""Industrial Development Authority Ireland"", ""registration_num"": ""1770"", ""signer_name"": ""RONALD MAY"", ""signer_title"": ""NOTARY PUBLIC."", ""file_date"": ""JAN - 2 1979""}","{""registrant_name"": ""Industrial Development Authority Ireland"", ""registration_num"": ""1770"", ""signer_name"": ""Ronald B. May"", ""signer_title"": ""Notary Public"", ""file_date"": ""1979-01-02""}",0.6000,0.7600,0.8707
19790201_Hogan Lovells US LLP_Amendment_Amendment.pdf,"{""registrant_name"": ""Hogan & Hartson"", ""registration_num"": ""2244"", ""file_date"": ""23 day of February 1979""}","{""registrant_name"": ""Hogan & Hartson"", ""registration_num"": ""2244"", ""file_date"": ""1979-02-23""}",0.6667,0.6667,0.7527
19790101_Office of Tibet_Dissemination Report_Dissemination Report.pdf,"{""registrant_name"": ""The Office of Tibet"", ""registration_num"": ""1699"", ""foreign_principle_name"": ""The Dalai Lama"", ""file_date"": ""1/8/80"", ""signer_title"": ""Tenzin N. The Baai Lama hong, Acting Represen-"", ""signer_name"": ""Tenzin N. The Baai hong""}","{""registrant_name"": ""The Office of Tibet"", ""registration_num"": ""1699"", ""foreign_principle_name"": ""The Dalai Lama"", ""signer_name"": ""Tenzin N. Tethong""}",0.5000,0.5952,0.6275
19790501_IDA Ireland_Amendment_Amendment.pdf,"{""registrant_name"": ""Industrial Development Authority Ireland"", ""registration_num"": ""1770"", ""file_date"": ""TO BEFORE ME""}","{""registrant_name"": ""Industrial Development Authority Ireland"", ""registration_num"": ""1770"", ""file_date"": ""1979-05-17""}",0.6667,0.6667,0.6667
19790301_Cayman Islands Department of Tourism_Amendment_Amendment.pdf,"{""registration_num"": ""2500"", ""registrant_name"": ""Malka Mor"", ""signer_name"": ""Malka MOR"", ""file_date"": ""12-day of 19""}","{""registration_num"": ""2500"", ""registrant_name"": ""Malka Mor"", ""signer_name"": ""Malka Mor"", ""file_date"": ""March 12, 1979""}",0.7500,0.7500,0.8542
19790101_Representative of the Turkish Republic of Northern Cyprus_Amendment_Amendment.pdf,"{""registrant_name"": ""1. Name of Registrant Office of the Representative of the Turkish Federated State of Cyprus"", ""registration_num"": ""2619"", ""signer_name"": ""NAIL ATALAY"", ""signer_title"": ""DIRECTOR"", ""file_date"": ""19 d. day of January 19 79 .""}","{""registrant_name"": ""Office of the Representative of the Turkish Federated State of Cyprus"", ""registration_num"": ""2619"", ""signer_name"": ""Nail Atalay"", ""signer_title"": ""Director"", ""file_date"": ""1979-01-19""}",0.6000,0.7273,0.8191
19790301_Aruba Tourism Authority_Amendment_Amendment.pdf,"{""registrant_name"": ""ARUBA TOURIST BUREAU"", ""registration_num"": ""2987"", ""signer_title"": ""Director"", ""signer_name"": ""ter Chai"", ""file_date"": ""15 day of February 1979""}","{""registrant_name"": ""ARUBA TOURIST BUREAU"", ""registration_num"": ""2987"", ""signer_title"": ""Director"", ""signer_name"": ""Walter Chai"", ""file_date"": ""1979-02-15""}",0.6000,0.7000,0.8200
19790601_Quebec Government Office_Amendment_Amendment.pdf,"{""registrant_name"": ""Qu\u00e9bec Government House"", ""registration_num"": ""1787"", ""signer_name"": ""MARCEL BERGERON"", ""signer_title"": ""Delegate General"", ""file_date"": ""1 day of June 1979""}","{""registrant_name"": ""Qu\u00e9bec Government House"", ""registration_num"": ""1787"", ""signer_name"": ""Marcel Bergeron"", ""signer_title"": ""Delegate General"", ""file_date"": ""1979-06-05""}",0.8000,0.8000,0.8615
"19791101_Hong Kong Trade Development Council, Inc._Amendment_Amendment.pdf","{""registrant_name"": ""Hong Kong Trade Development Council"", ""registration_num"": ""2181"", ""signer_name"": ""Louis Epstein"", ""signer_title"": ""Press Officer"", ""file_date"": ""30 day of the .1979""}","{""registrant_name"": ""Hong Kong Trade Development Council"", ""registration_num"": ""2181"", ""signer_name"": ""Louis Epstein"", ""signer_title"": ""Press Officer"", ""file_date"": ""October 30, 1979""}",0.8000,0.9143,0.8966
19800101_St. Lucia Tourist Board_Amendment_Amendment.pdf,"{""registration_num"": ""2668"", ""registrant_name"": ""ST. LUCIA TOURIST BOARD"", ""file_date"": ""14th day of Janny 1980""}","{""registration_num"": ""2668"", ""registrant_name"": ""ST. LUCIA TOURIST BOARD"", ""file_date"": ""1980-01-21""}",0.6667,0.6667,0.7556
19800301_Hong Kong Tourism Board_Amendment_Amendment.pdf,"{""registrant_name"": ""EDWIN W. TIEDEMANN"", ""registration_num"": ""2110"", ""file_date"": ""4th day of March 1980 '""}","{""registrant_name"": ""EDWIN W. TIEDEMANN"", ""registration_num"": ""2110"", ""file_date"": ""March 15, 1980""}",0.6667,0.8333,0.8627
19791001_Aruba Tourism Authority_Amendment_Amendment.pdf,"{""registration_num"": ""2987"", ""registrant_name"": ""ARUBA TOURIST BUREAU"", ""signer_title"": ""(Director)"", ""signer_name"": ""Willy Walter CHAI"", ""file_date"": ""11 day of October 1975""}","{""registration_num"": ""2987"", ""registrant_name"": ""ARUBA TOURIST BUREAU"", ""signer_title"": ""Director"", ""signer_name"": ""Willy Walter CHAI"", ""file_date"": ""1979-10-09""}",0.8000,0.8000,0.8400
"19800101_Italian Government Travel Office, Chicago_Amendment_Amendment.pdf","{""registration_num"": ""1892"", ""registrant_name"": ""ITALIAN GOVERNMENT TRAVEL OFFICE"", ""signer_name"": ""Zola"", ""file_date"": ""15th day of JANUARY 19 RU '""}","{""registration_num"": ""1892"", ""registrant_name"": ""ITALIAN GOVERNMENT TRAVEL OFFICE"", ""file_date"": ""1979-01-21""}",0.5000,0.5000,0.5303
"19790801_Far East Trade Services, Inc._Amendment_Amendment.pdf","{""registration_num"": ""2985"", ""registrant_name"": ""FAR EAST TRADE SERVICE, Inc."", ""signer_title"": ""Director"", ""signer_name"": ""CHARLES C. L. HSU"", ""file_date"": ""19 79 . day of 419STEAL""}","{""registration_num"": ""2985"", ""registrant_name"": ""FAR EAST TRADE SERVICE, Inc. Branch Office - Los Angeles"", ""signer_title"": ""Director"", ""signer_name"": ""CHARLES C. L. HSU"", ""file_date"": ""1979-08-15""}",0.6000,0.7429,0.8023
19800301_Quebec Government Office_Amendment_Amendment.pdf,"{""registration_num"": ""1787"", ""registrant_name"": ""Qu\u00e9bec Government House"", ""signer_name"": ""MARCEL BERGERON"", ""signer_title"": ""Delegate General"", ""file_date"": ""\u2713 day of , 1980""}","{""registration_num"": ""1787"", ""registrant_name"": ""Qu\u00e9bec Government House"", ""signer_name"": ""Marcel Bergeron"", ""signer_title"": ""Delegate General"", ""file_date"": ""1980-03-06""}",0.8000,0.8000,0.8762
19790801_Office of Tibet_Dissemination Report_Dissemination Report.pdf,"{""registration_num"": ""1699"", ""registrant_name"": ""The Office of Tibet"", ""foreign_principle_name"": ""The Dalai Lama"", ""signer_name"": ""Tenzin N. Tethong"", ""file_date"": ""8/23/79"", ""signer_title"": ""Acting Representative of the Dalai""}","{""registration_num"": ""1699"", ""registrant_name"": ""The Office of Tibet"", ""foreign_principle_name"": ""The Dalai Lama"", ""signer_name"": ""Tenzin N. Tethong"", ""file_date"": ""1979-08-23"", ""signer_title"": ""Acting Representative of the Dalai Lama""}",0.6667,0.8148,0.8974
"19800501_Jamaica Tourist Board, Florida_Amendment_Amendment.pdf","{""registrant_name"": ""JAMAICA TOURIST BD"", ""registration_num"": ""2360"", ""signer_name"": ""J. ED ARD DACCARett"", ""file_date"": ""8th day of May 1980""}","{""registrant_name"": ""JAMAICA TOURIST BD"", ""registration_num"": ""#2360"", ""signer_name"": ""T. EDWARD MCCARTY"", ""file_date"": ""May 14, 1980""}",0.5000,0.6250,0.8098
"19810701_Jamaica Tourist Board, Florida_Amendment_Amendment.pdf","{""registrant_name"": ""LESTER LEOPOLD NUNES"", ""registration_num"": ""2360"", ""file_date"": ""1981 7 day of July . NOTARY PUBLIC STATE OF HORIDA AT LARGE . 10 1984""}","{""registrant_name"": ""Lester Leopold Nunes"", ""registration_num"": ""2360"", ""file_date"": ""1981-07-07""}",0.6667,0.6667,0.7215
19810201_Tourism Australia_Amendment_Amendment.pdf,"{""registrant_name"": ""Australian Tourist Commission"", ""registration_num"": ""1032"", ""signer_name"": ""Kim Duncte"", ""file_date"": ""this 10th 10th day of OFFICIAL SEAL DOROTHY ROSENBERG""}","{""registrant_name"": ""Australian Tourist Commission"", ""registration_num"": ""1032"", ""signer_name"": ""Kim Dunstan"", ""file_date"": ""1981-02-13""}",0.5000,0.6250,0.7151
"19801001_Arnold _ Porter Kaye Scholer, LLP_Amendment_Amendment.pdf","{""registrant_name"": ""ARNOLD & PORTER"", ""registration_num"": ""1750"", ""signer_name"": ""Brooksley Landau"", ""file_date"": ""17th day of October 1980""}","{""registrant_name"": ""ARNOLD & PORTER"", ""registration_num"": ""1750"", ""signer_name"": ""Brooksley Landau"", ""file_date"": ""October 19, 1980""}",0.7500,0.8750,0.9038
19810701_St. Lucia Tourist Board_Amendment_Amendment.pdf,"{""registration_num"": ""2668"", ""registrant_name"": ""ST. LUCIA TOURIST BOARD"", ""file_date"": ""June 26 day of 1981""}","{""registration_num"": ""2668"", ""registrant_name"": ""ST. LUCIA TOURIST BOARD"", ""file_date"": ""1981-06-26""}",0.6667,0.6667,0.7654
"19800801_Italian Government Travel Office, Chicago_Amendment_Amendment.pdf","{""registrant_name"": ""ITALIAN GOVERNMENT TRAVEL OFFICE"", ""registration_num"": ""1892"", ""file_date"": ""65 day of AUGUST ., 1980""}","{""registrant_name"": ""ITALIAN GOVERNMENT TRAVEL OFFICE"", ""registration_num"": ""1892"", ""file_date"": ""1980-08-02T05:44:00""}",0.6667,0.6667,0.7407
"19800601_Jamaica Tourist Board, Florida_Amendment_Amendment.pdf","{""registrant_name"": ""JAMAICA TOURIST BOARD"", ""registration_num"": ""2360"", ""signer_name"": ""y Thomps!"", ""file_date"": ""1980 th 27 day of""}","{""registrant_name"": ""JAMAICA TOURIST BOARD"", ""registration_num"": ""2360"", ""signer_name"": ""GWENDO LYN YVONNE THOMSON"", ""file_date"": ""May 27, 1980""}",0.5000,0.6250,0.6775
"19810601_Arnold _ Porter Kaye Scholer, LLP_Amendment_Amendment.pdf","{""registrant_name"": ""ARNOLD & PORTER"", ""registration_num"": ""1750"", ""signer_name"": ""Brooksley F. Landau"", ""signer_title"": ""Partner"", ""file_date"": ""22nd day of June 19 81""}","{""registrant_name"": ""ARNOLD & PORTER"", ""registration_num"": ""1750"", ""signer_name"": ""Brooksley B. Landau"", ""signer_title"": ""Partner"", ""file_date"": ""1981-06-22""}",0.6000,0.7333,0.8156
19811201_Monaco Government Tourist Office_Amendment_Amendment.pdf,"{""registrant_name"": ""Monaco Government Tourist Office"", ""registration_num"": ""2327"", ""signer_title"": ""Consul"", ""file_date"": ""22-day of Dec 1981 '""}","{""registrant_name"": ""Monaco Government Tourist Office"", ""registration_num"": ""2327"", ""file_date"": ""1981-12-22""}",0.5000,0.5000,0.5800
"19820201_Squire Patton Boggs, LLP_Amendment_Amendment.pdf","{""registration_num"": ""2165"", ""registrant_name"": ""Patton, Boggs & Blow"", ""signer_name"": ""James R. Patton, Jr."", ""signer_title"": ""Managing Partner"", ""file_date"": ""Janney 29 day of , 1982""}","{""registration_num"": ""2165"", ""registrant_name"": ""Patton, Boggs & Blow"", ""signer_name"": ""James R. Patton, Jr."", ""signer_title"": ""Managing Partner"", ""file_date"": ""1982-01-29""}",0.8000,0.8000,0.8552
19820401_Bermuda Tourism Authority_Amendment_Amendment.pdf,"{""registrant_name"": ""Bermuda Department of Tourism"", ""registration_num"": ""430"", ""signer_name"": ""Ronald N. Bassett"", ""signer_title"": ""General Manager"", ""file_date"": ""8 day of april 1984""}","{""registrant_name"": ""Bermuda Department of Tourism"", ""registration_num"": ""430"", ""signer_name"": ""Ronald N. Bassett"", ""signer_title"": ""General Manager, North America"", ""file_date"": ""April 5, 1984""}",0.6000,0.8333,0.8654
"19820501_Hong Kong Trade Development Council, Inc._Amendment_Amendment.pdf","{""registration_num"": ""2181"", ""registrant_name"": ""ROGER YING CHU"", ""file_date"": ""17 day of May 19 12""}","{""registration_num"": ""2181"", ""registrant_name"": ""ROGER YING CHU"", ""file_date"": ""May 26, 1982""}",0.6667,0.7407,0.8222
19820801_Representative of the Turkish Republic of Northern Cyprus_Amendment_Amendment.pdf,"{""registrant_name"": ""Office of the Representative of the Turkish Federated State of Cyprus"", ""registration_num"": ""2619"", ""signer_name"": ""NAIL ATALAY"", ""signer_title"": ""Director"", ""file_date"": ""232day day of August 1982""}","{""registrant_name"": ""Office of the Representative of the Turkish Federated State of Cyprus"", ""registration_num"": ""2619"", ""signer_name"": ""Nail Atalay"", ""signer_title"": ""Director"", ""file_date"": ""1982-08-25""}",0.8000,0.7556,0.8485
19820801_St. Lucia Tourist Board_Amendment_Amendment.pdf,"{""registrant_name"": ""ST.LUCIA TOURISTBOARD"", ""registration_num"": ""2668"", ""signer_name"": ""MELANIE DOGOSTIANO"", ""signer_title"": ""Assistant Director"", ""file_date"": ""6th day of august 1982""}","{""registrant_name"": ""ST.LUCIA TOURISTBOARD"", ""registration_num"": ""2668"", ""signer_name"": ""MELANIE DOGOSTIANO"", ""signer_title"": ""Assistant Director"", ""file_date"": ""August 14, 1982""}",0.8000,0.9000,0.9222
